range,percentage,Type
>20000,0.014455784,RS
2000~20000,0.11872596,RS
200~2000,0.92379276,RS
20~200,5.599357887,RS
2~20,13.38371731,RS
≤2,79.95995029,RS
>20000,0.038282334,FG
2000~20000,0.187254005,FG
200~2000,1.193204693,FG
20~200,7.001100532,FG
2~20,25.30646315,FG
≤2,66.27369529,FG
